{
  "coef": [
    0.13502283640446344,
    -0.5772884533052701,
    0.0,
    -0.07363062713527002,
    0.4005931842016089,
    0.0,
    0.4190235183614998,
    -0.057520136013331453,
    0.029839658986926827,
    -0.014407978934193811,
    0.075585988857196,
    -0.07364788335952185,
    -0.6484376161348203,
    0.02802085504225594,
    0.2802168592702411,
    0.694082225749125,
    -0.31229521284738104,
    -0.0019140734187232961,
    -0.3525311218232151,
    -0.028870593656938108,
    -0.2354648839483532,
    -0.03287647059887323,
    0.0,
    -0.041622705813801654,
    -0.24112375839031536,
    -0.024794915060458247,
    0.14535304274725058,
    -0.04183704822683757,
    0.14968087847319417,
    -0.6811891641764387,
    -1.5247014835033965,
    0.3671711968484298,
    0.037987335840542466,
    0.33699304440704875,
    -0.11312291874716372,
    -0.21821058487388847,
    -0.1529835399680628,
    0.04798038111637546,
    0.0
  ],
  "intercept": 0.0,
  "n_features": 39
}