{
  "mean": [
    0.16169684061057862,
    32.66861909833156,
    64.75613241036564,
    2293.3366080937167,
    1.1583250269767473,
    4.163116790912318,
    59.058532304551626,
    0.013489527866524671,
    0.20979765708200213
  ],
  "scale": [
    0.36817247635739386,
    24.58963272607437,
    29.980972698207097,
    2260.912699998985,
    0.287256242478614,
    2.307905556189948,
    30.377607330016108,
    0.11535840023363243,
    0.40716409488669897
  ],
  "columns": [
    "SeniorCitizen",
    "tenure",
    "MonthlyCharges",
    "TotalCharges",
    "Charge_Ratio",
    "Total_Services",
    "AvgMonthlyCharges",
    "SeniorWithDependents",
    "HighValueContract"
  ]
}